<?xml version='1.0' encoding='UTF-8'?>
<?artifactRepository version='1.1.0'?>
<repository name='file:/C:/Users/hanbeenki/AnypointStudio/workspace/profisee-connector/target/update-site/ - artifacts' type='org.eclipse.equinox.p2.artifact.repository.simpleRepository' version='1'>
  <properties size='2'>
    <property name='p2.timestamp' value='1507053699114'/>
    <property name='p2.compressed' value='false'/>
  </properties>
  <mappings size='3'>
    <rule filter='(&amp; (classifier=osgi.bundle))' output='${repoUrl}/plugins/${id}_${version}.jar'/>
    <rule filter='(&amp; (classifier=binary))' output='${repoUrl}/binary/${id}_${version}'/>
    <rule filter='(&amp; (classifier=org.eclipse.update.feature))' output='${repoUrl}/features/${id}_${version}.jar'/>
  </mappings>
  <artifacts size='2'>
    <artifact classifier='org.eclipse.update.feature' id='org.mule.tooling.ui.extension.profisee-connector.3.7.0' version='1.0.0.201710031401'>
      <properties size='4'>
        <property name='artifact.size' value='645'/>
        <property name='download.size' value='645'/>
        <property name='download.md5' value='9ac2f67fd7e738a86f32fdd244310e75'/>
        <property name='download.contentType' value='application/zip'/>
      </properties>
    </artifact>
    <artifact classifier='osgi.bundle' id='org.mule.tooling.ui.contribution.profisee.3.7.0' version='1.0.0.201710031401'>
      <properties size='3'>
        <property name='artifact.size' value='637375'/>
        <property name='download.size' value='637375'/>
        <property name='download.md5' value='a2dc5454a9ae5766db80a3b74005150f'/>
      </properties>
    </artifact>
  </artifacts>
</repository>
